match_id,player_id,player_name,xg,xa
15186710,192442,Raúl Jiménez,0.8442866802215651,0.0118956
15186710,989236,Israel Reyes,0.013926075771451,0.032834
15186710,837099,Aubrey Modiba,0.016079094260931,0.00267398
15186710,770253,Jesús Gallardo,0.035084727220237,0.0549847
15186710,843114,Julián Quiñones,0.370070915669204,0.0779786
15186710,1023088,Brian Gutiérrez,0.193581195548177,0.166365
15186710,2058228,Mbekezeli Mbokazi,0.013625109568238,0.0517245
15186710,901907,Lyle Foster,0.042823750525713,0.0004274
15186710,990408,Raúl Rangel,0.0,0.00404796
15186710,818406,César Montes,0.0,0.00629034
15186710,889785,Johan Vásquez,0.0,0.00396203
15186710,944068,Erik Lira,0.0,0.00234599
15186710,865500,Roberto Alvarado,0.0,0.712317
15186710,838629,Álvaro Fidalgo,0.0,0.0084267
15186710,1914576,Gilberto Mora,0.0,0.0917053
15186710,757770,Luis Chávez,0.0,0.0124083
15186710,847151,Edson Álvarez,0.0,0.00891164
15186710,1595162,Armando González,0.0,0.00207808
15186710,815637,Alexis Vega,0.0,0.00672213
15186710,539792,Ronwen Williams,0.0,0.00129646
15186710,936047,Khuliso Mudau,0.0,0.00888132
15186710,902117,Nkosinathi Sibisi,0.0,0.00208963
15186710,1507710,Ime Okon,0.0,0.00085624
15186710,881117,Teboho Mokoena,0.0,0.0110385
15186710,822684,Sphephelo Sithole,0.0,0.00251981
15186710,1049669,Jayden Adams,0.0,0.059524
15186710,991024,Iqraam Rayners,0.0,0.00302864
15186710,1014410,Thalente Mbatha,0.0,0.00010301
15186710,559504,Themba Zwane,0.0,0.00299355
15186710,1022170,Evidence Makgopa,0.0,0.00915979
15186710,984505,Oswin Appollis,0.0,0.00232247
15186720,963801,Adam Hložek,0.175603315234181,0.0315061
15186720,1009476,Jin-gyu Kim,0.0591582916677,0.00194648
15186720,825731,Michal Sadílek,0.149938226677476,0.011254
15186720,1010634,Hyeon-gyu Oh,0.37290289998055,0.00270922
15186720,889689,Hwang In-beom,0.359446680173277,0.495255
15186720,537552,Jae-sung Lee,0.445100344717501,0.101271
15186720,856250,Ladislav Krejčí,0.2145159393549,0.00414976
15186720,111505,Son Heung-min,1.013694537803537,0.0359804
15186720,957604,Pavel Šulc,0.0067392098717391,0.00792086
15186720,799041,Tomáš Souček,0.27858662605286,0.00955363
15186720,917087,Kang-in Lee,0.016079094260931,0.209193
15186720,1002448,Han-Beom Lee,0.043000131845474,0.0320739
15186720,235686,Kim Seung-gyu,0.0,0.00089044
15186720,896569,Kim Min-jae,0.0,0.0106528
15186720,1103520,Gi-Hyuk Lee,0.0,0.0161522
15186720,1019333,Young-woo Seol,0.0,0.0521236
15186720,881307,Seung Ho Paik,0.0,0.0477309
15186720,1002355,Lee Tae-seok,0.0,0.341158
15186720,786186,Hwang Hee-chan,0.0,0.00449847
15186720,1002508,Ji-sung Eom,0.0,0.0143393
15186720,1026069,Jin-seob Park,0.0,0.00412331
15186720,927366,Matěj Kovář,0.0,0.003032
15186720,1144329,Štěpán Chaloupek,0.0,0.00423173
15186720,957615,Robin Hranáč,0.0,0.00257191
15186720,138024,Vladimír Coufal,0.0,0.0809477
15186720,1403491,Alexandr Sojka,0.0,0.169405
15186720,118204,Jaroslav Zelený,0.0,0.0409251
15186720,846122,Lukáš Provod,0.0,0.0130622
15186720,280609,Patrik Schick,0.0,0.00168961
15186720,188307,Tomáš Chorý,0.0,0.00093186
15186720,826049,Mojmír Chytil,0.0,0.0585418
15186836,790179,Cyle Larin,0.21380310505628597,0.0
15186836,844447,Dženis Burnić,0.0099907740950584,0.00995358
15186836,1119328,Promise David,0.03501183539629,0.0486153
15186836,1172477,Tani Oluwaseyi,0.18001585081220098,0.00334718
15186836,886223,Stephen Eustaquio,0.016281163319945,0.409238
15186836,1118177,Tarik Muharemović,0.18042851984501,0.00266246
15186836,829207,Richie Laryea,0.25684085488319,0.426758
15186836,878081,Ermedin Demirović,0.016064209863544,0.00314317
15186836,801411,Derek Cornelius,0.060126882046461,0.0123999
15186836,984419,Alistair Johnston,0.057334218174219,0.0477877
15186836,1102659,Benjamin Tahirović,0.01630488038063,0.00972289
15186836,935564,Jonathan David,0.38925404474138897,0.00455169
15186836,1134351,Ismael Koné,0.02485260181129,0.0568008
15186836,927797,Jovo Lukić,0.689064022153618,0.00322368
15186836,1129610,Amar Memić,0.052290182560682,0.00240971
15186836,155736,Maxime Crépeau,0.0,0.00110091
15186836,1413129,Luc De Fougerolles,0.0,0.0149264
15186836,973290,Tajon Buchanan,0.0,0.00634051
15186836,902083,Liam Millar,0.0,0.0758593
15186836,1464637,Ali Ahmed,0.0,0.0248408
15186836,976313,Jacob Shaffelburg,0.0,0.140632
15186836,273031,Jonathan Osorio,0.0,0.00934663
15186836,325061,Nikola Vasilj,0.0,0.00104322
15186836,1102791,Amar Dedić,0.0,0.00844666
15186836,831488,Nikola Katić,0.0,0.00292007
15186836,142148,Sead Kolašinac,0.0,0.512847
15186836,1136110,Esmir Bajraktarević,0.0,0.00135907
15186836,1049701,Ivan Bašić,0.0,0.285602
15186836,988893,Armin Gigović,0.0,0.00739501
15186836,1100965,Samed Baždar,0.0,0.00062585
15186836,283833,Ivan Šunjić,0.0,0.00403895
15186836,1425366,Kerim Alajbegović,0.0,0.00194808
15186873,989056,Giovanni Reyna,0.076965406537056,0.00411991
15186873,855810,Tim Weah,0.049887154251336996,0.0241941
15186873,1014845,Sebastian Berhalter,0.02011557854712,0.12191
15186873,986395,Ricardo Pepi,0.11466676741838,0.0829168
15186873,975798,Malik Tillman,0.646147675812238,0.216129
15186873,986233,Mauricio,0.21717229485512,0.00128055
15186873,333373,Miguel Almirón,0.069717936217785,0.0160029
15186873,1065588,Diego Gómez,0.20149316079914298,0.00225091
15186873,973556,Julio Enciso,0.044158853590489,0.0885034
15186873,934237,Folarin Balogun,0.46883079968393,0.0751069
15186873,931844,Chris Richards,0.042191613465548,0.0113485
15186873,1015261,Damián Bobadilla,0.0,0.00089987
15186873,973436,Matthew Freese,0.0,5.84e-05
15186873,1184541,Alexander Freeman,0.0,0.0353174
15186873,118179,Tim Ream,0.0,0.0264965
15186873,803174,Antonee Robinson,0.0,0.0568858
15186873,800419,Tyler Adams,0.0,0.0229626
15186873,906021,Sergiño Dest,0.0,0.0579875
15186873,881931,Weston McKennie,0.0,0.330178
15186873,817957,Christian Pulišić,0.0,0.122534
15186873,991709,Orlando Gill,0.0,0.00133013
15186873,989801,Juan Cáceres,0.0,0.00322217
15186873,220833,Gustavo Gómez,0.0,0.00130555
15186873,805137,Omar Alderete,0.0,0.0282108
15186873,333275,Junior Alonso,0.0,0.00115239
15186873,546416,Andrés Cubas,0.0,0.00232569
15186873,333261,Antonio Sanabria,0.0,0.0982956
15186873,1167312,Alex Arce,0.0,0.0136424
15186873,805427,Gustavo Velázquez,0.0,0.00012102
15186873,1015733,Ramón Sosa,0.0,8.437e-05
15186873,788936,Alejandro Romero,0.0,0.00046125
15186526,1034082,Ardon Jashari,0.012398921884596,0.00413096
15186526,798303,Miro Muheim,0.0,0.00076212
15186526,990550,Zeki Amdouni,0.023845072835684,0.00966194
15186526,229278,Ahmed Alaaeldin,0.11316379159689,0.00044787
15186526,1518931,Johan Manzambi,0.063826581463218,0.142087
15186526,352296,Breel Embolo,1.1436093170583221,0.838804
15186526,872919,Rubén Vargas,0.368242379277947,0.583355
15186526,303826,Karim Boudiaf,0.01990870013833,0.0031392
15186526,929620,Fabian Rieder,0.054283332079649,0.00787648
15186526,117777,Granit Xhaka,0.048356762155891006,0.0771611
15186526,282229,Nico Elvedi,0.31132164597510803,0.0572404
15186526,944327,Dan Ndoye,0.401445312425495,0.0180906
15186526,850891,Michel Aebischer,0.23587146401405,0.507316
15186526,770677,Denis Zakaria,0.267067268490791,0.145882
15186526,933433,Homam Al-Amin,0.005814254283905,0.0119556
15186526,797734,Edmilson Junior,0.385811574757094,0.00439055
15186526,1892282,Issa Laye,0.079003483057022,0.00196754
15186526,383560,Manuel Akanji,0.26618239283562,0.153315
15186526,1012458,Mahmud Abunada,0.0,0.00047529
15186526,1396639,Ayoub Al Oui,0.0,0.00043982
15186526,884189,Pedro Miguel,0.0,0.00554626
15186526,233746,Boualem Khoukhi,0.0,0.00169202
15186526,1014561,Jassem Gaber Abdulsallam,0.0,1.381e-05
15186526,796500,Assim Madibo,0.0,0.00159121
15186526,985156,Yusuf Abdurisag,0.0,0.00235322
15186526,794541,Akram Afif,0.0,0.212594
15186526,911427,Ahmed Fathi,0.0,0.00554589
15186526,1083016,Mohamed Naceur Almanai,0.0,6.63e-06
15186526,93953,Hassan Al Haydos,0.0,1.34e-05
15186526,556866,Gregor Kobel,0.0,0.00010613
15186526,67769,Ricardo Rodríguez,0.0,0.583199
15186526,115516,Remo Freuler,0.0,0.0700166
15186850,1898148,Ayoube Amaimouni Echghouyab,0.14490154385567,0.0028114
15186850,1128530,Neil El Aynaoui,0.216072661802169,0.0229118
15186850,1064039,Danilo Santos,0.088844452984631,0.00141734
15186850,831005,Raphinha,0.150509376078841,0.332458
15186850,1016907,Igor Thiago,0.664664149284359,0.00577456
15186850,155995,Marquinhos,0.09377499669790201,0.0098964
15186850,866469,Bruno Guimarães,0.0072305318899453,0.0224466
15186850,839981,Lucas Paquetá,0.17620589211582902,0.0252731
15186850,868812,Vinícius Júnior,0.079704210162163,0.0932411
15186850,814594,Achraf Hakimi,0.18080641608685,0.111821
15186850,835485,Brahim Díaz,0.099429495632648,0.250148
15186850,1063767,Ismael Saibari,0.707230823114517,0.0294881
15186850,1126569,Bilal El Khannouss,0.022733699530363,0.03016
15186850,243609,Alisson,0.0,0.00336185
15186850,888949,Roger Ibañez,0.0,0.00491694
15186850,869792,Gabriel Magalhães,0.0,0.00738178
15186850,243583,Douglas Santos,0.0,0.0266758
15186850,122951,Casemiro,0.0,0.0514739
15186850,124992,Danilo,0.0,0.00522618
15186850,243585,Fabinho,0.0,0.00470638
15186850,886363,Matheus Cunha,0.0,0.00513832
15186850,1035995,Luiz Henrique,0.0,0.0417655
15186850,360938,Bono,0.0,3.919e-05
15186850,825719,Issa Diop,0.0,0.0122134
15186850,1064218,Chadi Riad,0.0,0.00456041
15186850,847030,Noussair Mazraoui,0.0,0.0505428
15186850,1564180,Ayyoub Bouaddi,0.0,0.0274572
15186850,991421,Azzedine Ounahi,0.0,0.0312491
15186850,1142675,Chemsdine Talbi,0.0,0.00513579
15186850,1605921,Samir El Mourabet,0.0,0.0191519
15186850,961684,Anass Salah-Eddine,0.0,0.00333927
15186850,953995,Soufiane Rahimi,0.0,0.00133018
15186853,1110369,Martin Expérience,0.020672669634223,0.0189787
15186853,943278,Frantzdy Pierrot,0.648909516632552,0.105351
15186853,1035986,Josué Casimir,0.012897444888949,0.017127
15186853,954066,Ruben Providence,0.10593511536717401,0.325542
15186853,845273,Jean-Ricner Bellegarde,0.159172108396888,0.152145
15186853,250223,John McGinn,0.22837781161069698,0.0237458
15186853,1154861,Ben Gannon-Doak,0.058685099706054,0.0785876
15186853,877980,Wilson Isidor,0.039360160008072,0.0497911
15186853,839638,Ricardo Adé,0.026652235537767,0.0589868
15186853,237098,Lawrence Shankland,0.105703767389059,0.0121773
15186853,773409,Che Adams,0.57743752002716,0.00885546
15186853,879346,Scott McTominay,0.160469524562359,0.00286956
15186853,991451,Louicius Don Deedson,0.042116496711969,0.085478
15186853,37224,Johny Placide,0.0,0.00354691
15186853,794373,Carlens Arcus,0.0,0.0865061
15186853,826169,Hannes Delcroix,0.0,0.00891396
15186853,1173167,Danley Jean Jacques,0.0,0.0230551
15186853,1010126,Lenny Joseph,0.0,0.043822
15186853,826211,Yassin Fortune,0.0,0.0007565
15186853,227946,Angus Gunn,0.0,0.00111509
15186853,966869,Aaron Hickey,0.0,0.0202692
15186853,95791,Grant Hanley,0.0,0.0188244
15186853,795696,Jack Hendry,0.0,0.00325852
15186853,262911,Andy Robertson,0.0,0.170094
15186853,907152,Lewis Ferguson,0.0,0.0166465
15186853,1020141,Nathan Patterson,0.0,0.00134069
15186853,322391,Ryan Christie,0.0,0.00152251
15186853,846204,Lyndon Dykes,0.0,0.00093158
15186853,75756,Kenny McLean,0.0,0.0396419
15186853,1489210,Findlay Curtis,0.0,0.00030546
15186874,1149011,Kenan Yıldız,0.23033839091658698,0.137308
15186874,806968,Merih Demiral,0.02193389646709,0.130391
15186874,1091116,Arda Güler,0.26105234026908697,0.27023
15186874,135700,Hakan Çalhanoğlu,0.165222816169263,0.370706
15186874,903324,Kerem Aktürkoğlu,0.286175586283203,0.0361371
15186874,888854,Connor Metcalfe,0.027268461883068,0.0972072
15186874,893008,Zeki Çelik,0.10203432291746,0.0764823
15186874,952600,İsmail Yüksek,0.147736687213183,0.0367582
15186874,1019061,Mohamed Touré,0.054806090891361,0.0249274
15186874,808680,Harry Souttar,0.03740568459034,0.00118692
15186874,907217,Jacob Italiano,0.019812008365989,0.0798688
15186874,1144138,Jordan Bos,0.081336636096239,0.0214992
15186874,1144687,Nestory Irankunda,0.451107136905191,0.00353262
15186874,907461,Orkun Kökçü,0.073160260915756,0.0581348
15186874,178963,Abdülkerim Bardakcı,0.026532743126154,0.029279
15186874,825844,Ferdi Kadıoğlu,0.044677674770355,0.204711
15186874,1155423,Alessandro Circati,0.50702476501465,0.00669528
15186874,1177240,Patrick Beach,0.0,0.00025206
15186874,358084,Cameron Burgess,0.0,0.00065762
15186874,847938,Aiden O'Neill,0.0,0.060162
15186874,1411105,Paul Okon-Engstler,0.0,0.0145032
15186874,1118467,Nishan Velupillay,0.0,2.713e-05
15186874,303258,Jason Geria,0.0,0.0396016
15186874,1096517,Tete Yengi,0.0,0.00098611
15186874,576220,Aziz Behich,0.0,2.622e-05
15186874,181581,Jackson Irvine,0.0,0.00040418
15186874,754330,Uğurcan Çakır,0.0,0.00027392
15186874,904096,Barış Alper Yılmaz,0.0,0.0146306
15186874,857738,Yunus Akgün,0.0,0.0522435
15186874,836683,Mert Müldür,0.0,0.0112459
15186874,795005,Salih Özcan,0.0,0.00849316
15186899,836705,Kai Havertz,1.011988950932023,0.263623
15186899,856076,David Raum,0.029004463925958,0.0702682
15186899,794298,Deniz Undav,0.50236421823502,0.343981
15186899,1036004,Jearl Margaritha,0.03737772628665,0.00111846
15186899,825845,Tahith Chong,0.045807138085365,0.0133956
15186899,1159759,Nathaniel Brown,0.42396195232867995,0.573266
15186899,1136642,Livano Comenencia,0.094457304105163,0.05498
15186899,293519,Leroy Sané,0.820682033896448,0.134059
15186899,74545,Leandro Bacuna,0.190648583695297,0.00604001
15186899,1142251,Aleksandar Pavlović,0.39787751436233,0.334949
15186899,1019322,Florian Wirtz,0.17521332949399998,0.457817
15186899,907463,Felix Nmecha,0.26108426460996104,0.0849298
15186899,1010231,Jamal Musiala,0.289782181382176,0.0773499
15186899,1199057,Sontje Hansen,0.026124633848667,0.00617458
15186899,940871,Nico Schlotterbeck,0.309433195739985,0.0378613
15186899,788971,Juninho Bacuna,0.015315701253712,0.0152417
15186899,8959,Manuel Neuer,0.0,0.00047466
15186899,259117,Joshua Kimmich,0.0,0.827438
15186899,227672,Jonathan Tah,0.0,0.227878
15186899,142622,Antonio Rüdiger,0.0,0.00195262
15186899,184661,Leon Goretzka,0.0,0.0405818
15186899,799046,Waldemar Anton,0.0,0.00014513
15186899,40859,Eloy Room,0.0,0.00012279
15186899,803021,Sherel Constancio Floranus,0.0,0.00918976
15186899,227196,Riechedly Bazoer,0.0,0.00354329
15186899,825838,Armando Obispo,0.0,0.00333137
15186899,1177177,Deveron Fonville,0.0,0.00399221
15186899,97409,Jürgen Locadia,0.0,0.0282867
15186899,1092638,Jeremy Antonisse,0.0,0.128835
15186899,798178,Gervane Kastaneer,0.0,0.00356431
15186945,803033,Teun Koopmeiners,0.157330229878425,0.00871422
15186945,794338,Daichi Kamada,0.14040666818619,0.11603
15186945,831860,Koki Ogawa,0.053114669397473,0.0
15186945,905347,Yukinari Sugawara,0.15589182078838,0.0267159
15186945,905352,Keito Nakamura,0.08277542702853699,0.0372448
15186945,962012,Jan Paul van Hecke,0.120575979352,0.0591853
15186945,862967,Cody Gakpo,0.19520587846637,0.128589
15186945,880218,Takefusa Kubo,0.027509476989508,0.0289529
15186945,917005,Crysencio Summerville,0.019052049145103,0.248761
15186945,151545,Virgil van Dijk,0.059770546853542,0.0326882
15186945,985823,Ayase Ueda,0.097512379288673,0.00179922
15186945,998247,Micky van de Ven,0.022806180641055,0.0261708
15186945,803039,Donyell Malen,0.209799095988272,0.00286361
15186945,873106,Hiroki Itō,0.031669162213802,0.0137552
15186945,994363,Bart Verbruggen,0.0,0.00159091
15186945,759520,Denzel Dumfries,0.0,0.172329
15186945,904897,Ryan Gravenberch,0.0,0.095796
15186945,795222,Frenkie de Jong,0.0,0.0373144
15186945,893549,Tijjani Reijnders,0.0,0.132454
15186945,959805,Quinten Timber,0.0,0.221581
15186945,138833,Memphis Depay,0.0,0.119183
15186945,149663,Nathan Aké,0.0,0.00210495
15186945,905351,Zion Suzuki,0.0,8.67e-05
15186945,942213,Tsuyoshi Watanabe,0.0,0.0188433
15186945,386958,Shogo Taniguchi,0.0,0.0121252
15186945,790965,Ritsu Doan,0.0,0.103635
15186945,1028307,Kaishu Sano,0.0,0.0087429
15186945,832420,Daizen Maeda,0.0,0.109738
15186945,783278,Junya Ito,0.0,0.0943369
15186945,804434,Takehiro Tomiyasu,0.0,0.00760209
15186945,1499696,Kento Shiogai,0.0,5.58e-06
15186904,1002837,Piero Hincapié,0.15956656634808,0.0061679
15186904,1888002,Christ Inao Oulaï,0.025056043639779,0.0107402
15186904,971037,Amad Diallo,0.19353673607111402,0.151568
15186904,1187275,Joel Ordóñez,0.200417820364234,0.00561204
15186904,831781,Ghislain Konan,0.064038977026939,0.0253219
15186904,937937,Gonzalo Plata,0.047961186617613,0.188553
15186904,191188,Seko Fofana,0.26828608661889597,0.119476
15186904,2087085,Yan Diomande,0.201571650803085,0.341393
15186904,1002524,Pedro Vite,0.050910133868456,0.491521
15186904,979315,Elye Wahi,0.49324563145638,0.0242934
15186904,106456,Enner Valencia,0.029267661273479,0.033524
15186904,593526,Nicolas Pépé,0.223197076469663,0.0621419
15186904,978285,Wilfried Singo,0.051875431090593,0.0565733
15186904,879802,John Yeboah,0.136638160794973,0.0403608
15186904,1122552,Alan Minda,0.370276574045421,0.00878818
15186904,987650,Moisés Caicedo,0.018784087151289,0.441133
15186904,877977,Yahia Fofana,0.0,0.00020968
15186904,1002033,Guéla Doué,0.0,0.0929283
15186904,1013842,Emmanuel Agbadou,0.0,0.0131465
15186904,359226,Franck Kessié,0.0,0.0464418
15186904,1568123,Bazoumana Touré,0.0,0.00718009
15186904,1086223,Ange-Yoan Bonny,0.0,0.00368382
15186904,843754,Ibrahim Sangaré,0.0,0.00474318
15186904,973437,Odilon Kossounou,0.0,4.442e-05
15186904,588618,Hernán Galíndez,0.0,0.0107916
15186904,822729,Alan Franco,0.0,0.00645836
15186904,979480,Willian Pacho,0.0,0.00439941
15186904,1116571,Nilson Angulo,0.0,0.0316591
15186904,978518,Jackson Porozo,0.0,0.0010168
15186904,881844,Ángelo Preciado,0.0,0.00226357
15186904,1431770,Kevin Rodriguez,0.0,0.00555226
15186951,1036269,Yasin Ayari,0.068401173688471,0.117568
15186951,945204,Elias Achouri,0.013685022480786,0.0021047
15186951,1391251,Lucas Bergvall,0.094726249575615,0.00104543
15186951,823941,Alexander Isak,0.319737654179336,0.035124
15186951,796987,Mattias Svanberg,0.085916742682457,0.00037821
15186951,804508,Viktor Gyökeres,0.6325718797743289,0.114538
15186951,879618,Montassar Talbi,0.15251137316227,0.0022193
15186951,1009386,Hannibal Mejbri,0.027546226978302,0.18791
15186951,976251,Omar Rekik,0.031839497387409,0.0189481
15186951,143334,Victor Lindelöf,0.13604509830475,0.00798061
15186951,149479,Rani Khedira,0.021465823054314,0.00188482
15186951,1130946,Elias Saad,0.030061913654208,0.143499
15186951,22596,Kristoffer Nordfeldt,0.0,0.0015436
15186951,965263,Gustaf Lagerbielke,0.0,0.0364596
15186951,1157713,Isak Hien,0.0,0.0031351
15186951,227894,Jesper Karlström,0.0,0.00345251
15186951,980916,Alexander Bernhardsson,0.0,0.00782562
15186951,918517,Benjamin Nygren,0.0,0.135361
15186951,834308,Gabriel Gudmundsson,0.0,0.0713442
15186951,1383695,Elliot Stroud,0.0,0.0221931
15186951,1021272,Daniel Svensson,0.0,0.00107318
15186951,2018130,Abdelmouhib Chamakh,0.0,0.00026505
15186951,826202,Yan Valery,0.0,0.019585
15186951,1000809,Amine Ben Hmida,0.0,0.0261763
15186951,919027,Ali Abdi,0.0,0.00548279
15186951,591706,Ellyes Skhiri,0.0,0.0166002
15186951,1006147,Anis Ben Slimane,0.0,0.0211019
15186951,1008597,Mohamed Belhadj Mahmoud,0.0,0.00064457
15186951,957143,Sebastian Tounekti,0.0,0.00577721
15186951,1113488,Ismael Gharbi,0.0,3.868e-05
15186951,919198,Firas Chaouat,0.0,8.353e-05
15186783,823622,Mikel Oyarzabal,0.502612940967078,0.0482131
15186783,1402912,Lamine Yamal,0.040041260421276,0.193132
15186783,52797,Ryan Mendes,0.020408116281033,0.00384318
15186783,784677,Diney Borges,0.12763845920563,0.00287336
15186783,906838,Kevin Lenini,0.018247293308377,0.00050332
15186783,827606,Rodri,0.109838897362352,0.436568
15186783,794939,Marc Cucurella,0.124898058362309,0.441474
15186783,992587,Pedri,0.09860231727361601,1.23302
15186783,855833,Ferran Torres,0.658526189625265,0.119588
15186783,592010,Mikel Merino,0.10466881096363,0.156503
15186783,149734,Aymeric Laporte,0.074835162609816,0.130301
15186783,784655,Fabián Ruiz,0.314075100235642,0.0798552
15186783,845802,Jovane Cabral,0.012354577891529,0.00129527
15186783,1155358,Dailon Rocha Livramento,0.012154777534306,3.763e-05
15186783,1103693,Pablo Gavi,0.047846563160419,0.0281533
15186783,287833,Steven Moreira,0.013484243303537,0.00062728
15186783,1402913,Pau Cubarsí,0.026600014418364,0.0936223
15186783,797291,Unai Simón,0.0,0.00016712
15186783,353138,Marcos Llorente,0.0,0.537773
15186783,789071,Dani Olmo,0.0,0.120854
15186783,1085400,Nico Williams,0.0,0.00296053
15186783,307436,Vozinha,0.0,0.0011323
15186783,147138,Pico,0.0,0.00043933
15186783,1117723,Sidny Lopes Cabral,0.0,0.0004268
15186783,798177,Laros Duarte,0.0,0.00172972
15186783,815080,Jamiro Monteiro,0.0,0.00073214
15186783,921089,Deroy Duarte,0.0,0.00351721
15186783,889052,Willy Semedo,0.0,0.00251426
15186783,209374,Nuno Da Costa,0.0,0.00171418
15186783,1001675,João Paulo,0.0,1.322e-05
15186783,1035280,Telmo Arcanjo,0.0,0.101561
15186837,248331,Brandon Mechele,0.32683645561337205,0.0193635
15186837,826545,Mohamed Hany,0.048700725659728,0.0179676
15186837,78893,Romelu Lukaku,0.261369638144973,0.0179179
15186837,873554,Omar Marmoush,0.48635390028357206,0.0435681
15186837,547494,Zizo,0.019556941464543,0.0135217
15186837,128587,Thomas Meunier,0.06992407143116,0.142251
15186837,70996,Kevin De Bruyne,0.268514819443221,0.1215
15186837,331737,Youri Tielemans,0.053299115039408,0.452828
15186837,1013699,Marwan Attia,0.028755187988281,0.0137526
15186837,967032,Emam Ashour,0.216489732265468,0.0158991
15186837,159665,Mohamed Salah,0.13535238802433,0.0458071
15186837,1418782,Mostafa Ziko,0.161975998431441,0.0112125
15186837,934386,Jérémy Doku,0.17154006659985,0.0935986
15186837,135666,Leandro Trossard,0.20025795698165802,0.1513
15186837,70988,Thibaut Courtois,0.0,0.00043995
15186837,1119487,Nathan Ngoy,0.0,0.0316291
15186837,329417,Timothy Castagne,0.0,0.110758
15186837,923973,Amadou Onana,0.0,0.226253
15186837,960441,Charles De Ketelaere,0.0,0.235193
15186837,997152,Maxim De Cuyper,0.0,0.0645426
15186837,889378,Nicolas Raskin,0.0,0.181313
15186837,118085,Hans Vanaken,0.0,0.00699908
15186837,1149144,Matías Fernández-Pardo,0.0,0.0394097
15186837,1048378,Mostafa Shobeir,0.0,0.00052133
15186837,333441,Yasser Ibrahim,0.0,0.0449143
15186837,918913,Hamdy Fathy,0.0,0.0050874
15186837,880622,Ahmed Fatouh,0.0,0.150846
15186837,918506,Mohanad Lasheen,0.0,0.0145802
15186837,295339,Rami Rabia,0.0,0.00110633
15186837,1961596,Hamza Abdelkarim,0.0,0.00160617
15186837,577736,Karim Hafez,0.0,0.00790988
15186837,1008171,Ibrahim Adel,0.0,0.0111549
15186811,874568,Juan Sanabria,0.11056531220674501,0.163364
15186811,932233,Brian Rodríguez,0.041230959817767,0.022429
15186811,311456,Guillermo Varela,0.0375126027502123,0.105719
15186811,831808,Federico Valverde,0.067963777109981,0.0685965
15186811,924889,Sebastián Cáceres,0.127291969954968,0.205832
15186811,877513,Nicolás de la Cruz,0.146372582763433,0.160361
15186811,966849,Saud Abdulhamid,0.043825771659613,0.00431396
15186811,828524,Mohamed Kanno,0.108996707946062,0.011161
15186811,929193,Maximiliano Araújo,0.236224442720413,0.382866
15186811,976104,Federico Viñas,0.502034507691865,0.0733722
15186811,846425,Manuel Ugarte,0.027705460786819,0.0209363
15186811,846413,Agustín Canobbio,0.0197844337672,0.0996486
15186811,805078,Mathías Olivera,0.04876584559679,0.294665
15186811,924871,Darwin Núñez,0.20879560709,0.00124527
15186811,881831,Abdulelah Al-Amri,0.48855336010455597,0.177207
15186811,867179,Abdullah Al-Khaibari,0.025435822084546,0.00286288
15186811,791190,Rodrigo Bentancur,0.20327319204807,0.0578105
15186811,160893,Salem Al-Dawsari,0.029928855597973,0.0681811
15186811,791416,Mohammed Al-Owais,0.0,0.00034946
15186811,881837,Hassan Altambakti,0.0,0.00076925
15186811,1022679,Moteb Al-Harbi,0.0,0.00999507
15186811,1804369,Mohammed Abu Al-Shamat,0.0,0.0145919
15186811,893307,Firas Al-Buraikan,0.0,0.016226
15186811,1106234,Musab Al Juwayr,0.0,0.0890282
15186811,872607,Nasser Al-Dawsari,0.0,0.0140899
15186811,986400,Nawaf Boushal,0.0,0.00269881
15186811,28381,Fernando Muslera,0.0,0.00041954
15186811,875295,Matías Viña,0.0,0.0239042
15186832,50480,Chris Wood,0.222587892785668,0.0920487
15186832,932486,Ali Nemati,0.076875060796738,0.0102436
15186832,359334,Saeid Ezatolahi,0.054428078234196,0.0176013
15186832,791368,Ali Alipour,0.063643530011177,0.00235723
15186832,1167100,Finn Surman,0.45060414075851,0.00666223
15186832,812533,Mehdi Taremi,0.20465154200792202,0.016769
15186832,1196902,Ehsan Hajsafi,0.025264257565141,0.00140283
15186832,996805,Mohammad Mohebi,0.318932265043256,0.0334055
15186832,822743,Sarpreet Singh,0.160227252170441,0.0853556
15186832,905267,Elijah Just,0.30713044106959997,0.111325
15186832,993899,Shahriar Moghanlou,0.195663634687662,0.00819129
15186832,881182,Mehdi Ghayedi,0.031128419563174,0.187613
15186832,822753,Callum McCowatt,0.03849297389388,0.0155832
15186832,786133,Ramin Rezaeian,0.34798228740692,0.330897
15186832,548050,Saman Ghoddos,0.1306226067245,0.0146898
15186832,905264,Liberato Cacace,0.02246206626296,0.00997276
15186832,1002620,Marko Stamenić,0.040086578577757,0.0171758
15186832,1170977,Aria Yousefi,0.048322975635529,0.0366684
15186832,791374,Alireza Beiranvand,0.0,7.067e-05
15186832,223340,Shoja Khalilzadeh,0.0,0.00250157
15186832,812531,Milad Mohammadi,0.0,0.0054157
15186832,905472,Amirhossein Hosseinzadeh,0.0,0.00766746
15186832,197904,Max Crocombe,0.0,0.00678605
15186832,155882,Tim Payne,0.0,0.008588
15186832,38624,Michael Boxall,0.0,0.0247731
15186832,822749,Joe Bell,0.0,0.0173457
15186832,1122425,Benjamin Old,0.0,0.00016385
15186832,333571,Ryan Thomas,0.0,0.0046391
15186832,959750,Callan Elliot,0.0,0.00255972
15186832,1514870,Tyler Bindon,0.0,0.00114995
15186832,1002506,Jesse Randall,0.0,0.0702937
15186501,826643,Kylian Mbappé,0.763839125633239,0.0209007
15186501,1590918,Ibrahim Mbaye,0.096815146505833,0.00465168
15186501,996952,Bradley Barcola,0.42857176065445,0.056813
15186501,1154605,Désiré Doué,0.082951821386814,0.0612776
15186501,978838,Michael Olise,0.36300899274647,0.94752
15186501,788027,Theo Hernández,0.11537428945303,0.0146157
15186501,845286,Ismaïla Sarr,0.267598766833539,0.0352981
15186501,217704,Sadio Mané,0.034198686480522,0.0152258
15186501,1085381,Nicolas Jackson,0.16011723875999,0.0217854
15186501,818244,Ousmane Dembélé,0.032674707472324,0.0502642
15186501,191210,Mike Maignan,0.0,0.00028794
15186501,827212,Jules Koundé,0.0,0.0230449
15186501,798583,Dayot Upamecano,0.0,0.0115859
15186501,941168,William Saliba,0.0,0.00488374
15186501,859025,Aurélien Tchouaméni,0.0,0.0139908
15186501,250737,Adrien Rabiot,0.0,0.332565
15186501,979128,Rayan Cherki,0.0,0.00010151
15186501,845074,Edouard Mendy,0.0,0.0011621
15186501,873534,Krépin Diatta,0.0,0.0146969
15186501,126071,Kalidou Koulibaly,0.0,0.00468523
15186501,758168,Moussa Niakhaté,0.0,0.00384723
15186501,1471764,El Hadji Malick Diouf,0.0,0.0310838
15186501,106337,Idrissa Gana Gueye,0.0,0.00942588
15186501,879694,Pape Gueye,0.0,0.0191584
15186501,1389846,Lamine Camara,0.0,0.00599114
15186501,1128532,Habib Diarra,0.0,0.00117626
15186501,914309,Iliman Ndiaye,0.0,0.0103637
15186501,1102503,Ahmadou Bamba Dieng,0.0,8.908e-05
15186501,913679,Pathé Ismaël Ciss,0.0,0.00456232
15186773,812999,Aymen Hussein,0.19947063550353,0.0532296
15186773,924973,Kristian Thorstvedt,0.170236453413966,0.0090968
15186773,839956,Erling Haaland,1.95405997335911,0.0662261
15186773,879746,Leo Østigård,0.280401453375816,0.00067946
15186773,962056,Hussein Ali,0.030032224953175,0.00468877
15186773,1631451,Akam Hashem,0.03118303976953,0.00118739
15186773,1010010,Ali Al-Hamadi,0.232659529894592,0.00715021
15186773,1150051,Zaid Tahseen,0.1164180422201724,0.00293866
15186773,920815,Ibrahim Bayesh,0.1915747076273,0.0549078
15186773,547410,Martin Ødegaard,0.037071909755468,0.292819
15186773,309078,Alexander Sørloth,0.18791201710701,0.013592
15186773,196454,Jalal Hassan,0.0,0.00025207
15186773,1381224,Merchas Doski,0.0,0.148864
15186773,1843356,Zaid Ismail,0.0,0.00637289
15186773,915325,Amir Al-Ammari,0.0,0.302905
15186773,1066729,Ali Jasim,0.0,0.226296
15186773,1026519,Marko Farji,0.0,0.00145825
15186773,1014225,Zidane Iqbal,0.0,0.00435581
15186773,1500435,Mustafa Saadoon,0.0,0.00012682
15186773,1101887,Ahmed Qasem,0.0,2.38e-06
15186773,951859,Mohanad Ali,0.0,1.33e-05
15186773,22209,Ørjan Nyland,0.0,0.00350461
15186773,800951,Julian Ryerson,0.0,0.360005
15186773,576384,Kristoffer Ajer,0.0,0.0689522
15186773,933264,Torbjørn Heggem,0.0,0.00403369
15186773,1031283,David Møller Wolfe,0.0,0.594279
15186773,793167,Sander Berge,0.0,0.0211292
15186773,228364,Fredrik Aursnes,0.0,0.0120335
15186773,1121923,Antonio Nusa,0.0,0.0173657
15186773,1100952,Andreas Schjelderup,0.0,0.00091863
15186773,1065216,Oscar Bobb,0.0,0.0498549
15186773,355174,Patrick Berg,0.0,0.0055769
15186854,158213,Riyad Mahrez,0.001916,0
15186854,12994,Lionel Messi,1.0321,0.11
15186854,846081,Houssem Aouar,0.075,0
15186854,895324,Alexis Mac Allister,0.15495,0.06
15186854,1407524,Ibrahim Maza,0.03627,0
15186854,823984,Lautaro Martínez,0.27,0
15186854,1218066,Anis Hadj Moussa,0.07087,0.02
15186854,1192318,Farès Chaïbi,0.11355000000000001,0.04
15186854,944660,Thiago Almada,0.01309,0
15186854,985923,Hicham Boudaoui,0.0,0.02
15186854,1107591,Mohamed Amoura,0.0,0.08
15186751,21927,Marko Arnautović,1.0286,0.1
15186751,355492,Konrad Laimer,0.01663,0
15186751,1652199,Ali  Al Azaizeh,0.02574,0.0
15186751,994556,Carney Chukwuemeka,0.2326,0
15186751,355486,Stefan Posch,0.3409,0
15186751,980728,Ali Olwan,0.43063999999999997,0
15186751,870038,Saša Kalajdžić,0.005908,0
15186751,876600,Mousa Tamari,0.452739,0.18
15186751,830127,Romano Schmid,0.03985,0.23
15186751,133908,Marcel Sabitzer,0.002324,0
15186751,2048990,Odeh Shehadeh Burhan Fakhoury,0.1527,0.0
15186751,66492,David Alaba,0.02106,0
15186751,812997,Ehsan Haddad,0.08507,0
15186751,791079,Xaver Schlager,0.0,0.04
15186751,1014324,Nizar Al-Rashdan,0.0,0.09
15186751,1114775,Mohannad Abu Taha,0.0,0.08
15186709,750,Cristiano Ronaldo,0.460267927497616,0.0484366
15186709,288205,Bruno Fernandes,0.065700961276889,0.541804
15186709,979222,Francisco Conceição,0.074014663696289,0.530194
15186709,115665,Cédric Bakambu,0.170930635184051,0.199997
15186709,1019957,Steve Kapuadi,0.18727090954781,0.0015502
15186709,805123,Yoane Wissa,0.416734261438249,0.0192505
15186709,892624,Samuel Moutoussamy,0.065039878711105,0.0106138
15186709,917305,Edo Kayembe,0.031387161463499,0.00382316
15186709,1190933,João Neves,0.052352245897055,0.0927617
15186709,843115,Diogo Costa,0.0,0.00045313
15186709,138892,João Cancelo,0.0,0.021316
15186709,983542,Tomás Araújo,0.0,0.0141143
15186709,1087359,Renato Veiga,0.0,0.0194122
15186709,989768,Nuno Mendes,0.0,0.0324237
15186709,902029,Vitinha,0.0,0.0584133
15186709,331209,Bernardo Silva,0.0,0.00945035
15186709,879349,Pedro Neto,0.0,0.395224
15186709,851284,Rafael Leão,0.0,0.060305
15186709,252821,Nélson Semedo,0.0,0.00856597
15186709,934510,Gonçalo Ramos,0.0,0.00024161
15186709,599192,Lionel Mpasi Nzau,0.0,4.145e-05
15186709,863653,Aaron Wan-Bissaka,0.0,0.014849
15186709,238612,Chancel Mbemba,0.0,0.0110663
15186709,817979,Axel Tuanzebe,0.0,0.00106984
15186709,174975,Arthur Masuaku,0.0,0.327344
15186709,1391541,Ngal'ayel Mukau,0.0,0.0695838
15186709,1171539,Noah Sadiki,0.0,0.047571
15186709,354046,Joris Kayembe,0.0,0.00113374
15186709,758664,Charles Pickel,0.0,0.00175674
15186709,991200,Gedeon Kalulu,0.0,0.00183192
15186709,825945,Simon Banza,0.0,0.00050947
15186504,108579,Harry Kane,1.053593702653051,0.0369161
15186504,964994,Joško Gvardiol,0.17431575059891,0.0124313
15186504,67647,Andrej Kramarić,0.017580211162567,0.00860357
15186504,814590,Marcus Rashford,0.057283971458673,0.00154002
15186504,136710,Mateo Kovačić,0.024741651490331,0.0243168
15186504,945798,Djed Spence,0.35690596699715,0.00024955
15186504,1091303,Petar Sučić,0.011480685323477,0.0298223
15186504,1019321,Igor Matanović,0.01919780857861,0.0
15186504,1066802,Marco Pašalić,0.057803388684988,0.0106435
15186504,914902,Anthony Gordon,0.26623324118554204,0.0131514
15186504,827679,Ezri Konsa,0.367092967033388,0.00302171
15186504,1142703,Nico O'Reilly,0.16727056540548402,0.0475652
15186504,856714,Declan Rice,0.041772466152906,0.207996
15186504,991011,Jude Bellingham,0.43280060216784905,0.00245714
15186504,827668,Petar Musa,0.17737883329391,0.00010992
15186504,190437,Mario Pašalić,0.011790409684181,0.419507
15186504,885908,Reece James,0.039774421602488,0.0106382
15186504,1090019,Martin Baturina,0.052692987024784,0.0898398
15186504,994546,Elliot Anderson,0.042889509350061,0.0183283
15186504,966547,Noni Madueke,0.066552214324474,0.41016
15186504,954836,Josip Šutalo,0.1662525832653,0.00825333
15186504,138530,Jordan Pickford,0.0,0.00334574
15186504,152077,John Stones,0.0,0.00584685
15186504,948261,Morgan Rogers,0.0,0.284294
15186504,934235,Bukayo Saka,0.0,0.0122777
15186504,877994,Marc Guéhi,0.0,0.00012106
15186504,190419,Dominik Livaković,0.0,0.00183743
15186504,1405212,Luka Vušković,0.0,0.0138557
15186504,927407,Josip Stanišić,0.0,0.0324131
15186504,15466,Luka Modrić,0.0,0.00656547
15186504,38710,Ivan Perišić,0.0,0.179309
15186504,357596,Nikola Vlašić,0.0,0.00054383
15186687,833352,Yoel Bárcenas,0.07321660220623,0.0358755
15186687,796328,Ismael Díaz,0.036527045071125,0.0221103
15186687,1218056,Jonas Adjei Adjetey,0.112868603318929,0.00506609
15186687,1006509,Jiovany Ramos,0.11559212952852199,0.0207565
15186687,934354,Antoine Semenyo,0.086524046957493,0.00648285
15186687,841793,César Blackman,0.038369907997549,0.0169098
15186687,841006,Cristian Martínez,0.083939932286739,0.0146046
15186687,985131,Carlos Harvey,0.046557981520891,0.0280718
15186687,1103589,Abdul Fatawu Issahaku,0.016206953674555,0.0864929
15186687,1986794,Caleb Yirenkyi,0.033874664455652,0.00991697
15186687,159931,Cecilio Waterman,0.058104526251554,0.0179792
15186687,791092,Lawrence Ati Zigi,0.0,0.00027554
15186687,1087805,Marvin Senaya,0.0,0.00516608
15186687,920514,Jerome Opoku,0.0,0.0272095
15186687,844942,Gideon Mensah,0.0,0.0108666
15186687,1202024,Ernest Nuamah,0.0,0.00455297
15186687,904424,Elisha Owusu,0.0,0.00867228
15186687,1019442,Kamaldeen Sulemana,0.0,0.128753
15186687,103045,Jordan Ayew,0.0,0.208197
15186687,1457083,Benjamin Asare,0.0,0.00582236
15186687,905639,Kwasi Sibo,0.0,0.00235064
15186687,1472288,Prince Kwabena Adu,0.0,0.00010067
15186687,886041,Orlando Mosquera,0.0,0.00011048
15186687,1105688,José Córdoba,0.0,0.00282228
15186687,841802,Andrés Andrade,0.0,0.362517
15186687,839493,Amir Murillo,0.0,0.0429724
15186687,842253,José Luis Rodríguez,0.0,0.0238759
15186687,1217929,Azarias Londoño,0.0,0.0185304
